FDC Name,Google Maps Link
KGU_C001,https://maps.app.goo.gl/25yBB93gAYj4iZfH8
KGU_C002,https://maps.app.goo.gl/Xw5hkkedRdRXv8zP6
KGU_C003,https://maps.app.goo.gl/Xw5hkkedRdRXv8zP6
KGU_C004,https://maps.app.goo.gl/hZXkvzPzRbaheJCm9
KGU_C005,https://maps.app.goo.gl/MYK6wbvyG8ZazZut8
KGU_C006,https://maps.app.goo.gl/yLRPZzsZmr7xeQZD7
KGU_C007,https://maps.app.goo.gl/cF2nkG29UmQXnKgR6
KGU_C008,https://maps.app.goo.gl/1bBGgsgYHkBqY9658
KGU_C009,https://maps.app.goo.gl/vEivHhaBuSEwT6df7
KGU_C010,https://maps.app.goo.gl/EDh7MgWCgBiAiQzZA
KGU_C011,https://maps.app.goo.gl/63fNTAANihKgfnGQ7
KGU_C012,https://maps.app.goo.gl/PWW83cuaq3hELKGU6
KGU_C013,https://maps.app.goo.gl/JWKcazKFXjs32LrA6
KGU_C014,https://maps.app.goo.gl/2ssSiAntaX8i6Njo8
KGU_C015,https://maps.app.goo.gl/ZoRm3CHRTcGxMXho9
KGU_C016,https://maps.app.goo.gl/4rUL91M3nFnWUgNC6
KGU_C017,https://maps.app.goo.gl/hk2YJbnmT7ymt9yj6
KGU_C018,https://maps.app.goo.gl/znZHYiDKnm6LhNu26
KGU_C019M,https://maps.app.goo.gl/mMiSHfu2gYDipGTTA
KGU_C020M,https://maps.app.goo.gl/UyuQyrtPQQFK8GnT8
KGU_C021M,https://maps.app.goo.gl/rTdC23pmAKyNX7tL8
KGU_C022M,https://maps.app.goo.gl/5vJZDRPUeDs9aZaC8
KGU_C024M,https://maps.app.goo.gl/btZTRnaggBUFgbWv6
KGU_C025M,https://maps.app.goo.gl/LE4wt4KdmVCebnGS6
KGU_C026M,https://maps.app.goo.gl/fiVTkBfpdfMCkn9E6
KGU_C027M,https://maps.app.goo.gl/Lmwi89FqqUzuXgN17
KGU_C028M,https://maps.app.goo.gl/nZbmz2w1uJiQobiB9
KGU_C029M,https://maps.app.goo.gl/wZNLt238KeW2fYnBA
KGU_C030M,https://maps.app.goo.gl/LNgWsnx8AtDBCmou9
KGU_C031M,https://maps.app.goo.gl/uTnpmnSYDniL4pFJ7
KGU_C032M,https://maps.app.goo.gl/MVTnNk7URUG2rU2r8
KGU_C033M,https://maps.app.goo.gl/3q2yvqKeUoNF6mPj9
KGU_C034M,https://maps.app.goo.gl/xLsHVXaKrupEjoAm6
KGU_C035M,https://maps.app.goo.gl/HihwZidRASwrhosPA
KGU_C036M,https://maps.app.goo.gl/tMhMH64d1Pnyrvyz9
KGU_C037M,https://maps.app.goo.gl/WBoYbXGGHWZVyMVs6
KGU_C038M,https://maps.app.goo.gl/ECDSmcJVzD7UXGR46
KGU_C039M,https://maps.app.goo.gl/SZMV7Uxx5ZJkdsWK9
KGU_C040M,https://maps.app.goo.gl/C5aFqSM3Wh7YrdNg9
KGU_C041M,https://maps.app.goo.gl/QiKWRJeg4cu9ifNt5
KGU_C042M,https://maps.app.goo.gl/nW9psXyKsZ9AXeA28
KGU_C043M,https://maps.app.goo.gl/6UteaqYat6dem6BW9
KGU_C044M,https://maps.app.goo.gl/5MeCLaREgPy1h4pH8
KGU_C045M,https://maps.app.goo.gl/cjTwsU9QGxfGTKex6
KGU_C046M,https://maps.app.goo.gl/BuHX8gW73feCHMFM6
KGU_C047M,https://maps.app.goo.gl/tSDK8dTvdYzvL35X6
KGU_C048M,https://maps.app.goo.gl/WtdosYXep9sAPJZN8
KGU_C049M,https://maps.app.goo.gl/p2CjFN3L72DsNiUo6
KGU_C050M,https://maps.app.goo.gl/nR6xpYDG6gdUqUmUA
KGU_C051M,https://maps.app.goo.gl/mygdjk5jPRM2rWYp7
KGU_C052M,https://maps.app.goo.gl/1dBGpU1WAwQipRJ48
KGU_C053M,https://maps.app.goo.gl/NULXHDFHnDDvJ2er5
KGU_C054M,https://maps.app.goo.gl/ad7fXLWNpZMPDMWo9
KGU_C055M,https://maps.app.goo.gl/GjoHyVMAdwWDTqau5
KGU_C056M,https://maps.app.goo.gl/gRZML95GBaNjWZZ89
KGU_C057M,https://maps.app.goo.gl/9QUkedVKu6CJTLvW7
KGU_C058M,https://maps.app.goo.gl/6VzgaKXQy13CoQy96
KGU_C059M,https://maps.app.goo.gl/H7oMYzF2NeCy4FSg7
KGU_C060M,https://maps.app.goo.gl/vZePaYMow8FAM8tLA
KGU_C061M,https://maps.app.goo.gl/4z8PiPjMsB8ve3pn7
KGU_C062M,https://maps.app.goo.gl/5AM7pP1iwaoKjmtYA
KGU_C063M,https://maps.app.goo.gl/fHJE89A7AVfsoaH57
KGU_C064M,https://maps.app.goo.gl/y58AuWRecVw14qMc8
KGU_C065M,https://maps.app.goo.gl/c2iAwxTA4kdKHUVD6
KGU_C066M,https://maps.app.goo.gl/UVuQbABQGzg7rTjg9
KGU_C067M,https://maps.app.goo.gl/6kE9cgeVd7i3U15H7
,
TBN_C001,https://maps.app.goo.gl/6fcRrsnopuCY4nEz7
TBN_C002M,https://maps.app.goo.gl/UPTJMxfMTWHQ37N8A
TBN_C003M,https://maps.app.goo.gl/Uk14HwtRuMdfSSnA8
TBN_C004M,https://maps.app.goo.gl/q9faxBL32NLtnjbT8
TBN_C005M,https://maps.app.goo.gl/CuiaKG4u9jy9qddw9
TBN_C006M,https://maps.app.goo.gl/Kpmsh199EViSbNrM9
TBN_C007M,https://maps.app.goo.gl/xLQrou57k9vu7dqg6
TBN_C008M,https://maps.app.goo.gl/jAVwNG2r9FF54TAF7
TBN_C009P,https://maps.app.goo.gl/bGsSafWTrmRs6iNe9
TBN_C010M,https://maps.app.goo.gl/teCxCjnbMP6ZwDer5
TBN_C011M,https://maps.app.goo.gl/GHwVtDdzTP8Nn1NW8
TBN_C012M,https://maps.app.goo.gl/18Gd1muTTrPKb7kUA
TBN_C013M,https://maps.app.goo.gl/VJkD3kxDRkddN3Mq6
TBN_C014M,https://maps.app.goo.gl/x2qTknKH3Gz4MPP77
TBN_C015M,https://maps.app.goo.gl/YoHu4NDPZoR6ijjY7
TBN_C016M,https://maps.app.goo.gl/vSkom6PFprdgQUEh6
TBN_C017M,https://maps.app.goo.gl/LM6w5QR4CK2D6vP4A
TBN_C018M,https://maps.app.goo.gl/Rs2ZwQfmcu8EBVki7
TBN_C019M,https://maps.app.goo.gl/z8dFckV5PDJWcctZ8
TBN_C020M,https://maps.app.goo.gl/qEuFok23YgxAFG246
TBN_C021M,https://maps.app.goo.gl/2RS75E1ctuGAQzK36
TBN_C022M,https://maps.app.goo.gl/o2k1s3LkhYrzd2MN8
TBN_C023M,https://maps.app.goo.gl/aeGpFmQfp3TmiHnc8
TBN_C024M,https://maps.app.goo.gl/stUq7CDQ8TPLy8uU8
TBN_C025M,https://maps.app.goo.gl/s6Rbb8geMjdDwnh98
,
SOO_C001M,https://maps.app.goo.gl/EwjDp8hAD5rF9R886
SOO_C002M,https://maps.app.goo.gl/CifiuAWNN1CZ4ASSA
SOO_C003M,https://maps.app.goo.gl/dCayGxx3akui2aKv5
SOO_C004M,https://maps.app.goo.gl/NQnLTB5nM73GTiab8
SOO_C005M,https://maps.app.goo.gl/7M9N3HSFZUToFnQHA
SOO_C006M,https://maps.app.goo.gl/REhWzVn8xCq8UZtA8
SOO_C007M,https://maps.app.goo.gl/iCjkC39yYmqg3DNKA
SOO_C008M,https://maps.app.goo.gl/zsonJRhGXsxzxTtDA
SOO_C009M,https://maps.app.goo.gl/Bw2LR4UQpiUxGgYf6
,
NBN_C001,https://maps.app.goo.gl/eKSJYCxXKtLhaSjr7
NBN_C002,https://maps.app.goo.gl/5rj51BaPGFJZ4xZf9
NBN_C003,https://maps.app.goo.gl/Z1wyedsdoM8GBdpE8
NBN_C004,https://maps.app.goo.gl/dK5xM2ZWSqHhA73J9
NBN_C005M,https://maps.app.goo.gl/Bco7ysjpyTwKndYp6
NBN_C006M,https://maps.app.goo.gl/bBrEAeGb6h7xUPYZ9
NBN_C007M,https://maps.app.goo.gl/7KMTqnKjgCphPq4E8
,
TNM_C002,https://maps.app.goo.gl/q5dMuBLxqpueabuHA
TNM_C004,https://maps.app.goo.gl/SW39cK1PLzMMnHyc9
TNM_C005M,https://maps.app.goo.gl/FoRVTWoecsSThbeK9
TNM_C006,https://maps.app.goo.gl/TddYzVxQsCdhNfdi7
TNM_C008,https://maps.app.goo.gl/avLvgfLuK7qTvPRt5
TNM_C009,https://maps.app.goo.gl/X6cvJMC5oaRduC3P8
TNM_C010,https://maps.app.goo.gl/5t7e2bzLUvkVoF5F8
TNM_C011,https://maps.app.goo.gl/3DHM2RmDQBQ6MWAe6
TNM_C012,https://maps.app.goo.gl/Jpd94mkGWDwBiaAEA
TNM_C013,https://maps.app.goo.gl/Weyu3Cnof8XVLWx67
TNM_C014,https://maps.app.goo.gl/44hswd2iRAMr9jHU8
TNM_C015,https://maps.app.goo.gl/swJJQmMPtKLFnfLy7
TNM_C016M,https://maps.app.goo.gl/2L6DL62PbnFV8WPf8
TNM_C017M,https://maps.app.goo.gl/JE1ThWXSwqME8SZt8
TNM_C018M,https://maps.app.goo.gl/w3sQZVCAcoeSUBMG7
TNM_C019M,https://maps.app.goo.gl/5SiqagE6qYJWjHeW6
TNM_C020M,https://maps.app.goo.gl/eaMmfxJxjcQPpiRc6
TNM_C021M,https://maps.app.goo.gl/HE4NKhh4J8dv4LCi8
TNM_C022M,https://maps.app.goo.gl/nsqs9KMzoFzznziv7
TNM_C023M,https://maps.app.goo.gl/53qxkh9WSqUjQrGy8
TNM_C024M,https://maps.app.goo.gl/ZBgFxXvDL2gdCv1TA
TNM_C025M,https://maps.app.goo.gl/dwTBx3gZPZSrSv3B9
TNM_C026M,https://maps.app.goo.gl/3W2pZs4jK9ZyQXjq5
TNM_C027M,https://maps.app.goo.gl/cKetUGeVtCTRw3VT8
TNM_C028M,https://maps.app.goo.gl/LnjMEr1Ks81UPxSa6
TNM_C029M,https://maps.app.goo.gl/88D7ebxXnmCwHXJf8
TNM_C030M,https://maps.app.goo.gl/wGsq19zLJ6Yk8kwN7
TNM_C031M,https://maps.app.goo.gl/e9Pe3jXPqfJkJ3X2A
TNM_C032M,https://maps.app.goo.gl/kBHRKCY8EUHxPqrZ6
